Ambrose,,
Aaron3r,,
Alister,,
Abraham,,
Bartholomew,,
Baldwin19,,
Cassius,,
Dwight,,
Codycc,,
Cyrus,,
dozsa02,,
tbevin,,
Reginald14,,
sky_rocker,,
Dorian,,
Aaam09,,
Patrick,,
Paul,,
Percival,,
Seymour,,
Shannon,,
Sheldon,,
Silvester,,
Simeon,,
Terence,,
Emmanuel,,
Eric,,
Eugene,,
Irvin,,
Isaac,,
Isidore,,
Gabriel,,
garrett,,
Geoffrey,,
bradley,,
rodrigo,,
joker13uu,,
ortegar,,
§¢§Ö§ä§Ú§ß§Ñ,,
§¢§Ö§â§Ö§ã§Ý§Ñ§Ó§Ñ,,
§¢§Ö§ã00,,
§¢§Ú§Ò§Ú§ß§Ñ,,
§¢§Ú§Ò§Ú§ç§Ñ§ß,,
§¬§Ñ§Ý§Ñ§Ó§Ö§â§Ñ§Û§ä,,
adexter,,
§¡§Ý§Ö§Ü§ã§Ñ§ß§Õ§â§Ñ,,
§¡§â§ä§Ö§Þ§Ú§Û?,,
§¡§â§ã§Ö§ß§Ú§Û,,
§¥§Þ§Ú§ä§â§Ú§Û,,
§¥§Ñ§ß§Ú§Ý§Ñ,,
§ä§Ú§Þ§à§æ§Ö§Û,,
§ã§ä§Ö§á§Ñ§ß14,,
§®§Ú§ç§Ñ§Ú§Ý,,
§Þ§Ñ§Û§ñ,,
Caleb,,
Cecil,,
Cedric,,
Christian,,
Christopher,,
Clarence,,
Leroy,,
Lester,,
Malcolm,,
Manuel,,
Marion,,
Jeremy,,
Jerome,,
Jesse88,,
Karlvvv,,
Keith,,
Kelly,,
Kelvinyy,,
Orson,,
Orville,,
Nathan,,
Neal,,
Nelson,,
Nevill,,
Vernon,,
Victor,,
Vincent,,
Virgil,,
Wallace,,
Walter,,
Warren,,
Wayne2011,,
Wesley,,
Wilbur,,
§­§Ö§Ó,,
§®§Ú§ç§Ñ§Ú§Ý,,
§®§Ñ§Ü§ã§Ú§Þ,,
§¯§Ú§Ü§Ú§ä§Ñ,,
§¯§Ú§Ü§à§Ý§Ñ§Û,,
§°§Ý§Ö§Ô,,
§³§ä§Ö§á§Ñ§ß,,
§³§Ö§Þ§Ö§ß,,
§³§Ö§â§Ô§Ö§Û,,
§³§ä§Ñ§ß§Ú§ã§Ý§Ñ§Ó,,
§¶§Ö§Õ§à§â,,
§À§â§Ú§Û,,
§¬§Ý§Ñ§Ó§Õ§Ú§ñ ,,
§¿§Ý§î§Ó§Ú§â§Ñ,,
§À§Ý§Ú§Ñ§ß§Ñ,,
§¬§Ú§â§Ñ ,,
Raphael,,
Raymond,,
Perrybest,,
luckpeter,,
Fabio19,,
§³§Ö§â§Ô§Ö§Û,,
F mindolo,,
mostapha5,,
Veselin,,
Luis8miguel,,
Gimenez Gomez,,
leilahan,,
Aliaksei,,
Tine muk,,
Clayton,,
Clement,,
Clifford,,
§¤§Ö§ß§ß§Ñ§Õ§Ú§Û ,,
§¤§Ö§ß§â§Ú§ç ,,
§¤§Ö§à§â§Ô§Ú§Û,,
§²§å§ã§Ý§Ñ§ß,,
§³§Ñ§Ó§Ö§Ý§Ú§Û,,
§¤§Ñ§Ó§â§Ú§Ú§Ý ,,
§²§à§Þ§Ñ§ß,,
§®§Ñ§Ü§Ñ§â,,
§¢§à§Ô§Õ§Ñ§ß ,,
§®§Ñ§Ü§ã§Ú§Þ,,
Woodrow,,
Xavier,,
Zave13,,
Zachary,,
Newton,,
Nicholas,,
Nigel,,
Eustace,,
Fabian,,
Ferdinand,,
Fergus,,
Floyd,,
Tracy,,
Travis,,
tristram,,
Troy,,
Tyler,,
Ulysses,,
Uriah,,
philip11,,
quen66tin,,
Quincy12,,
Ralph2010,,
Randall,,
Randolph,,
Matthew,,
mmatthias,,
Maurice,,
Murray,,
maximilian,,
Maxwell,,
Maynard,,
Herbert,,
Herman01,,
Horace,,
Khramau,,
riskyman,,
spanney,,
Alvaro22,,
Pinedo3,,
mia2014,,
Denis Kitty,,
Ivanoves,,
defemmy,,
Damir109 ,,
Noahhhh,,
Noel78,,
Norbert,,
Norris,,
Norman,,
Norton,,
Oliver,,
Dylan99,,
Oswald,,
Owen,,
Duke,,
Duncan,,
Dustin,,
§¤§Ñ§Ý§Ú§ß§Ñ ,,
§¤§Ö§Ý§Ö§ß§Ñ ,,
§¤§Ý§Ñ§æ§Ú§â§Ñ ,,
§¯§Ñ§ä§Ñ§Ý§î§ñ,,
§¯§Ú§ß§Ñ,,
§¯§Ñ§Õ§Ö§Ø§Õ§Ñ,,
Adoracion,,
Angelia08,,
Elvitaes,,
Enriqueta,,
Elbertina,,
Nicanora,,
Natalia,,
Natividad,,
Navarro,,
Neiva,,
Nemesio,,
Nelia14,,
Honoratas,,
Henriqua,,
Avelaine,,
Darcell,,
Denisse,,
Desideria,,
Fabienne,,
Frankie,,
Lacene25,,
L'Angley,,
Lucienne,,
Patrice,,
Karl018,,
Kuhlbert,,
Koenraad,,
Rodrik,,
Richmond,,
Andrasbest,,
Mostyn,,
Meirion,,
Jurik,,
Jaromil,,
Jakuas,,
Jachym,,
Jindrich,,
Zdenko,,
Zitomir,,
Zdenek,,
Agustin,,
Zacarias,,
Reynardo,,
Roderigo,,
Asliraf,,
Fakhir,,
Jarrah,,
Jedidiah,,
Jawhar,,
Innocenzio,,
Massimo,,
Nunzioii,,
Gregorios,,
Stephenos,,
Silvanos,,
Soterios,,
Spiridon,,
Spyridon,,
Zsiga,,
zsigmond,,
Zsigmund,,
Balasz,,
Baline,,
Balint,,
Ballas,,
Barna,,
Barta,,
Bartalan,,
Bence2014a,,
Benci,,
Benedek,,
Bernat,,
Bertok,,
Bodi2012,,
Boldisar,,
Boldizsar,,
Auley,,
Auliffe,,
Amblaoibh,,
Ambros,,
Amerok5,,
Iniss100,,
Innes989,,
Innis014,,
Inysgreat,,